Model,Accuracy,Precision,Recall,F1 Score,ROC-AUC
Logistic Regression,0.996,0.9230769230769231,1.0,0.96,0.9996498599439776
Decision Tree,0.992,0.9166666666666666,0.9166666666666666,0.9166666666666666,0.9562324929971988
XGBoost,0.992,0.9166666666666666,0.9166666666666666,0.9166666666666666,0.9992997198879552
Random Forest,0.988,0.9090909090909091,0.8333333333333334,0.8695652173913043,0.9985994397759104
